-- MySQL dump 10.13  Distrib 8.0.36, for Win64 (x86_64)
--
-- Host: 127.0.0.1    Database: ato_db
-- ------------------------------------------------------
-- Server version	8.0.36

/*!40101 SET @OLD_CHARACTER_SET_CLIENT=@@CHARACTER_SET_CLIENT */;
/*!40101 SET @OLD_CHARACTER_SET_RESULTS=@@CHARACTER_SET_RESULTS */;
/*!40101 SET @OLD_COLLATION_CONNECTION=@@COLLATION_CONNECTION */;
/*!50503 SET NAMES utf8 */;
/*!40103 SET @OLD_TIME_ZONE=@@TIME_ZONE */;
/*!40103 SET TIME_ZONE='+00:00' */;
/*!40014 SET @OLD_UNIQUE_CHECKS=@@UNIQUE_CHECKS, UNIQUE_CHECKS=0 */;
/*!40014 SET @OLD_FOREIGN_KEY_CHECKS=@@FOREIGN_KEY_CHECKS, FOREIGN_KEY_CHECKS=0 */;
/*!40101 SET @OLD_SQL_MODE=@@SQL_MODE, SQL_MODE='NO_AUTO_VALUE_ON_ZERO' */;
/*!40111 SET @OLD_SQL_NOTES=@@SQL_NOTES, SQL_NOTES=0 */;

--
-- Table structure for table `account`
--

DROP TABLE IF EXISTS `account`;
/*!40101 SET @saved_cs_client     = @@character_set_client */;
/*!50503 SET character_set_client = utf8mb4 */;
CREATE TABLE `account` (
  `num` int NOT NULL AUTO_INCREMENT,
  `id` varchar(64) NOT NULL,
  `password` tinytext NOT NULL,
  `role_type` varchar(12) DEFAULT NULL,
  `create_date` date NOT NULL,
  PRIMARY KEY (`num`)
) ENGINE=InnoDB AUTO_INCREMENT=17 DEFAULT CHARSET=utf8mb3;
/*!40101 SET character_set_client = @saved_cs_client */;

--
-- Dumping data for table `account`
--

LOCK TABLES `account` WRITE;
/*!40000 ALTER TABLE `account` DISABLE KEYS */;
INSERT INTO `account` VALUES (1,'test','$2a$10$iWZFrTR9lkghgd8OQPfrResxNgr2W81GoH8/2oaVQyWhmDOSuQPW2','ROLE_USER','2024-02-22'),(2,'test2','$2a$10$5C9KYGXm0PhdPFZqEK0Khuxj4NihjeZyI86V.UBib9HaRIgPlf9EO','ROLE_USER','2024-02-22'),(3,'test3','142df4e6a52c8a4438a364e8fe188227ef34a532269780f4aae2b054a2b4ceb3f48100a2876ddc07','ROLE_USER','2024-02-22'),(4,'test3','$2a$10$IMqPQoJqGfGt8Dq5jKvIWOPN1bxTlm8gZlpJolpdbVUnBJ6l.aO5e','ROLE_USER','2024-02-22'),(7,'test6','$2a$10$k3O.DrX9SXgqFSRJeFQe8uySGyrPvLQ3NqV.JRar2lg1o5dwWeDd6','ROLE_USER','2024-02-22'),(8,'test7','$2a$10$TlDofTeG0n7fQykcfF6tUOCJtzrbvz4xenuR8C4sI8.zU/Nbg8rHi','ROLE_ADMIN','2024-02-22'),(10,'test100','$2a$10$eAN.EcMh/XQ2PZnD9MdgEe22kjtAu66SHOajDeAMkrdlrBN.kZtZO','ROLE_USER','2024-02-23'),(11,'test101','$2a$10$hDZePszuMK1kFs2..wmOHepkmE.MrH.AFhcgK1GZeZ0Q7tGAZtBXy','ROLE_USER','2024-02-23'),(12,'test102','$2a$10$nDQrR6A4qrPpXi0rASABs.X50dOOtjt/nXGNnfuy2D6RmauhNnx.S','ROLE_USER','2024-02-23'),(13,'test103','$2a$10$Ufg7JEoxFBHC9izwOADW/uWzo1Rgo9d1kcXCjxl0obi4uPZJj2QiW','ROLE_USER','2024-02-23'),(14,'test104','$2a$10$7h6RMrcCDJcoiLBpo58awOCqzWufgP3kBFUvIG8yevw7K8EWeYtfi','ROLE_USER','2024-02-23'),(15,'test105','$2a$10$zuTflpFvQq2mhWBfpslXhehuEFs0DlU1qoQpIo9.mJLddqI/iWWZa','ROLE_ADMIN','2024-02-23'),(16,'test106','$2a$10$H.B34oJKW3h6BKlWqVBN4esd9lesU7O/98ZCaaZW37oMDaJZudXjK','ROLE_ADMIN','2024-02-23');
/*!40000 ALTER TABLE `account` ENABLE KEYS */;
UNLOCK TABLES;

--
-- Table structure for table `host`
--

DROP TABLE IF EXISTS `host`;
/*!40101 SET @saved_cs_client     = @@character_set_client */;
/*!50503 SET character_set_client = utf8mb4 */;
CREATE TABLE `host` (
  `num` int NOT NULL AUTO_INCREMENT,
  `name` varchar(64) NOT NULL,
  `ip` varchar(64) NOT NULL,
  `create_date` datetime NOT NULL,
  `update_date` datetime NOT NULL,
  `reachable` tinyint(1) DEFAULT NULL,
  `last_alive_date` datetime DEFAULT NULL,
  PRIMARY KEY (`num`),
  UNIQUE KEY `host_pk` (`name`,`ip`)
) ENGINE=InnoDB AUTO_INCREMENT=107 DEFAULT CHARSET=utf8mb3;
/*!40101 SET character_set_client = @saved_cs_client */;

--
-- Dumping data for table `host`
--

LOCK TABLES `host` WRITE;
/*!40000 ALTER TABLE `host` DISABLE KEYS */;
INSERT INTO `host` VALUES (1,'test','0','2024-02-20 00:00:00','2024-02-20 00:00:00',1,'2024-02-23 11:50:12'),(2,'test2','0','2024-02-20 00:00:00','2024-02-20 00:00:00',1,'2024-02-23 11:50:12'),(3,'test3','0','2024-02-21 00:00:00','2024-02-21 00:00:00',1,'2024-02-23 11:50:12'),(7,'test4','0','2024-02-22 00:00:00','2024-02-22 00:00:00',1,'2024-02-23 11:50:12'),(9,'test5','0','2024-02-22 00:00:00','2024-02-22 00:00:00',1,'2024-02-23 11:50:12'),(10,'test6','0','2024-02-22 00:00:00','2024-02-22 00:00:00',1,'2024-02-23 11:50:12'),(11,'test7','0','2024-02-22 00:00:00','2024-02-22 00:00:00',1,'2024-02-23 11:50:12'),(12,'test8','0','2024-02-22 00:00:00','2024-02-22 00:00:00',1,'2024-02-23 11:50:12'),(13,'test9','0','2024-02-22 00:00:00','2024-02-22 00:00:00',1,'2024-02-23 11:50:12'),(14,'test10','0','2024-02-22 00:00:00','2024-02-22 00:00:00',1,'2024-02-23 11:50:12'),(15,'test11','0','2024-02-22 00:00:00','2024-02-22 00:00:00',1,'2024-02-23 11:50:12'),(16,'test12','0','2024-02-22 00:00:00','2024-02-22 00:00:00',1,'2024-02-23 11:50:12'),(17,'test13','0','2024-02-22 00:00:00','2024-02-22 00:00:00',1,'2024-02-23 11:50:12'),(18,'test14','0','2024-02-22 00:00:00','2024-02-22 00:00:00',1,'2024-02-23 11:50:12'),(19,'test15','0','2024-02-22 00:00:00','2024-02-22 00:00:00',1,'2024-02-23 11:50:12'),(20,'test16','0','2024-02-22 00:00:00','2024-02-22 00:00:00',1,'2024-02-23 11:50:12'),(21,'test17','0','2024-02-22 00:00:00','2024-02-22 00:00:00',1,'2024-02-23 11:50:12'),(22,'test18','0','2024-02-22 00:00:00','2024-02-22 00:00:00',1,'2024-02-23 11:50:12'),(23,'test19','0','2024-02-22 00:00:00','2024-02-22 00:00:00',1,'2024-02-23 11:50:12'),(24,'test20','0','2024-02-22 00:00:00','2024-02-22 00:00:00',1,'2024-02-23 11:50:12'),(25,'test21','0','2024-02-22 00:00:00','2024-02-22 00:00:00',1,'2024-02-23 11:50:12'),(26,'test22','0','2024-02-22 00:00:00','2024-02-22 00:00:00',1,'2024-02-23 11:50:12'),(27,'test23','0','2024-02-22 00:00:00','2024-02-22 00:00:00',1,'2024-02-23 11:50:12'),(28,'test24','0','2024-02-22 00:00:00','2024-02-22 00:00:00',1,'2024-02-23 11:50:12'),(29,'test25','0','2024-02-22 00:00:00','2024-02-22 00:00:00',1,'2024-02-23 11:50:12'),(30,'test26','0','2024-02-22 00:00:00','2024-02-22 00:00:00',1,'2024-02-23 11:50:12'),(31,'test27','0','2024-02-22 00:00:00','2024-02-22 00:00:00',1,'2024-02-23 11:50:12'),(32,'test28','0','2024-02-22 00:00:00','2024-02-22 00:00:00',1,'2024-02-23 11:50:12'),(33,'test29','0','2024-02-22 00:00:00','2024-02-22 00:00:00',1,'2024-02-23 11:50:12'),(34,'test30','0','2024-02-22 00:00:00','2024-02-22 00:00:00',1,'2024-02-23 11:50:12'),(35,'test31','0','2024-02-22 00:00:00','2024-02-22 00:00:00',1,'2024-02-23 11:50:12'),(36,'test32','0','2024-02-22 00:00:00','2024-02-22 00:00:00',1,'2024-02-23 11:50:12'),(37,'test33','0','2024-02-22 00:00:00','2024-02-22 00:00:00',1,'2024-02-23 11:50:12'),(38,'test34','0','2024-02-22 00:00:00','2024-02-22 00:00:00',1,'2024-02-23 11:50:12'),(39,'test35','0','2024-02-22 00:00:00','2024-02-22 00:00:00',1,'2024-02-23 11:50:12'),(40,'test36','0','2024-02-22 00:00:00','2024-02-22 00:00:00',1,'2024-02-23 11:50:12'),(41,'test37','0','2024-02-22 00:00:00','2024-02-22 00:00:00',1,'2024-02-23 11:50:12'),(42,'test38','0','2024-02-22 00:00:00','2024-02-22 00:00:00',1,'2024-02-23 11:50:12'),(43,'test39','0','2024-02-22 00:00:00','2024-02-22 00:00:00',1,'2024-02-23 11:50:12'),(44,'test40','0','2024-02-22 00:00:00','2024-02-22 00:00:00',1,'2024-02-23 11:50:12'),(45,'test41','0','2024-02-22 00:00:00','2024-02-22 00:00:00',1,'2024-02-23 11:50:12'),(46,'test42','0','2024-02-22 00:00:00','2024-02-22 00:00:00',1,'2024-02-23 11:50:12'),(47,'test43','0','2024-02-22 00:00:00','2024-02-22 00:00:00',1,'2024-02-23 11:50:12'),(48,'test44','0','2024-02-22 00:00:00','2024-02-22 00:00:00',1,'2024-02-23 11:50:12'),(49,'test45','0','2024-02-22 00:00:00','2024-02-22 00:00:00',1,'2024-02-23 11:50:12'),(50,'test46','0','2024-02-22 00:00:00','2024-02-22 00:00:00',1,'2024-02-23 11:50:12'),(51,'test47','0','2024-02-22 00:00:00','2024-02-22 00:00:00',1,'2024-02-23 11:50:12'),(52,'test48','0','2024-02-22 00:00:00','2024-02-22 00:00:00',1,'2024-02-23 11:50:12'),(53,'test49','0','2024-02-22 00:00:00','2024-02-22 00:00:00',1,'2024-02-23 11:50:12'),(54,'test50','0','2024-02-22 00:00:00','2024-02-22 00:00:00',1,'2024-02-23 11:50:12'),(55,'test51','0','2024-02-22 00:00:00','2024-02-22 00:00:00',1,'2024-02-23 11:50:12'),(56,'test52','0','2024-02-22 00:00:00','2024-02-22 00:00:00',1,'2024-02-23 11:50:12'),(57,'test53','0','2024-02-22 00:00:00','2024-02-22 00:00:00',1,'2024-02-23 11:50:12'),(58,'test54','0','2024-02-22 00:00:00','2024-02-22 00:00:00',1,'2024-02-23 11:50:12'),(59,'test55','0','2024-02-22 00:00:00','2024-02-22 00:00:00',1,'2024-02-23 11:50:12'),(60,'test56','0','2024-02-22 00:00:00','2024-02-22 00:00:00',1,'2024-02-23 11:50:12'),(61,'test57','0','2024-02-22 00:00:00','2024-02-22 00:00:00',1,'2024-02-23 11:50:12'),(62,'test58','0','2024-02-22 00:00:00','2024-02-22 00:00:00',1,'2024-02-23 11:50:12'),(63,'test59','0','2024-02-22 00:00:00','2024-02-22 00:00:00',1,'2024-02-23 11:50:12'),(64,'test60','0','2024-02-22 00:00:00','2024-02-22 00:00:00',1,'2024-02-23 11:50:12'),(65,'test61','0','2024-02-22 00:00:00','2024-02-22 00:00:00',1,'2024-02-23 11:50:12'),(66,'test62','0','2024-02-22 00:00:00','2024-02-22 00:00:00',1,'2024-02-23 11:50:12'),(67,'test63','0','2024-02-22 00:00:00','2024-02-22 00:00:00',1,'2024-02-23 11:50:12'),(68,'test64','0','2024-02-22 00:00:00','2024-02-22 00:00:00',1,'2024-02-23 11:50:12'),(69,'test65','0','2024-02-22 00:00:00','2024-02-22 00:00:00',1,'2024-02-23 11:50:12'),(70,'test66','0','2024-02-22 00:00:00','2024-02-22 00:00:00',1,'2024-02-23 11:50:12'),(71,'test67','0','2024-02-22 00:00:00','2024-02-22 00:00:00',1,'2024-02-23 11:50:12'),(72,'test68','0','2024-02-22 00:00:00','2024-02-22 00:00:00',1,'2024-02-23 11:50:12'),(73,'test69','0','2024-02-22 00:00:00','2024-02-22 00:00:00',1,'2024-02-23 11:50:12'),(74,'test70','0','2024-02-22 00:00:00','2024-02-22 00:00:00',1,'2024-02-23 11:50:12'),(75,'test71','0','2024-02-22 00:00:00','2024-02-22 00:00:00',1,'2024-02-23 11:50:12'),(76,'test72','0','2024-02-22 00:00:00','2024-02-22 00:00:00',1,'2024-02-23 11:50:12'),(77,'test73','0','2024-02-22 00:00:00','2024-02-22 00:00:00',1,'2024-02-23 11:50:12'),(78,'test74','0','2024-02-22 00:00:00','2024-02-22 00:00:00',1,'2024-02-23 11:50:12'),(79,'test75','0','2024-02-22 00:00:00','2024-02-22 00:00:00',1,'2024-02-23 11:50:12'),(80,'test76','0','2024-02-22 00:00:00','2024-02-22 00:00:00',1,'2024-02-23 11:50:12'),(81,'test77','0','2024-02-22 00:00:00','2024-02-22 00:00:00',1,'2024-02-23 11:50:12'),(82,'test78','0','2024-02-22 00:00:00','2024-02-22 00:00:00',1,'2024-02-23 11:50:12'),(83,'test79','0','2024-02-22 00:00:00','2024-02-22 00:00:00',1,'2024-02-23 11:50:12'),(84,'test80','0','2024-02-22 00:00:00','2024-02-22 00:00:00',1,'2024-02-23 11:50:12'),(85,'test81','0','2024-02-22 00:00:00','2024-02-22 00:00:00',1,'2024-02-23 11:50:12'),(86,'test82','0','2024-02-22 00:00:00','2024-02-22 00:00:00',1,'2024-02-23 11:50:12'),(87,'test83','0','2024-02-22 00:00:00','2024-02-22 00:00:00',1,'2024-02-23 11:50:12'),(88,'test84','0','2024-02-22 00:00:00','2024-02-22 00:00:00',1,'2024-02-23 11:50:12'),(89,'test85','0','2024-02-22 00:00:00','2024-02-22 00:00:00',1,'2024-02-23 11:50:12'),(90,'test86','0','2024-02-22 00:00:00','2024-02-22 00:00:00',1,'2024-02-23 11:50:12'),(91,'test87','0','2024-02-22 00:00:00','2024-02-22 00:00:00',1,'2024-02-23 11:50:12'),(92,'test88','0','2024-02-22 00:00:00','2024-02-22 00:00:00',1,'2024-02-23 11:50:12'),(93,'test89','0','2024-02-22 00:00:00','2024-02-22 00:00:00',1,'2024-02-23 11:50:12'),(94,'test90','0','2024-02-22 00:00:00','2024-02-22 00:00:00',1,'2024-02-23 11:50:12'),(95,'test91','0','2024-02-22 00:00:00','2024-02-22 00:00:00',1,'2024-02-23 11:50:12'),(96,'test92','0','2024-02-22 00:00:00','2024-02-22 00:00:00',1,'2024-02-23 11:50:12'),(97,'test93','0','2024-02-22 00:00:00','2024-02-22 00:00:00',1,'2024-02-23 11:50:12'),(98,'test94','0','2024-02-22 00:00:00','2024-02-22 00:00:00',1,'2024-02-23 11:50:12'),(99,'test95','0','2024-02-22 00:00:00','2024-02-22 00:00:00',1,'2024-02-23 11:50:12'),(100,'test96','0','2024-02-22 00:00:00','2024-02-22 00:00:00',1,'2024-02-23 11:50:12'),(101,'test97','0','2024-02-22 00:00:00','2024-02-22 00:00:00',1,'2024-02-23 11:50:12'),(102,'test98','0','2024-02-22 00:00:00','2024-02-22 00:00:00',1,'2024-02-23 11:50:12'),(103,'test99','0','2024-02-22 00:00:00','2024-02-22 00:00:00',1,'2024-02-23 11:50:12'),(106,'test100','127.0.0.1','2024-02-23 11:21:14','2024-02-23 11:21:14',1,'2024-02-23 11:50:38');
/*!40000 ALTER TABLE `host` ENABLE KEYS */;
UNLOCK TABLES;

--
-- Table structure for table `monitoring`
--

DROP TABLE IF EXISTS `monitoring`;
/*!40101 SET @saved_cs_client     = @@character_set_client */;
/*!50503 SET character_set_client = utf8mb4 */;
CREATE TABLE `monitoring` (
  `num` int NOT NULL AUTO_INCREMENT,
  `id` varchar(64) NOT NULL,
  `content` tinytext,
  `date` datetime NOT NULL,
  `result` varchar(64) DEFAULT NULL,
  PRIMARY KEY (`num`)
) ENGINE=InnoDB AUTO_INCREMENT=93 DEFAULT CHARSET=utf8mb3;
/*!40101 SET character_set_client = @saved_cs_client */;

--
-- Dumping data for table `monitoring`
--

LOCK TABLES `monitoring` WRITE;
/*!40000 ALTER TABLE `monitoring` DISABLE KEYS */;
INSERT INTO `monitoring` VALUES (1,'test6','회원가입','2024-02-22 14:53:57','SUCESS'),(2,'test6','중복된 ID','2024-02-22 15:21:39','FAIL'),(3,'test6','중복된 ID','2024-02-22 15:22:16','FAIL'),(4,'test7','회원가입 ID : test7Type : user','2024-02-22 15:22:28','SUCESS'),(5,'test7','중복된 ID','2024-02-22 15:22:28','FAIL'),(6,'test7','중복된 ID','2024-02-22 15:23:44','FAIL'),(7,'test7','회원가입 ID : test7Type : user','2024-02-22 15:23:44','SUCESS'),(9,'test7','중복된 ID','2024-02-22 15:34:49','FAIL'),(10,'test7','중복된 ID','2024-02-22 15:46:14','FAIL'),(11,'test7','중복된 ID','2024-02-22 15:48:23','FAIL'),(12,'test7','중복된 ID','2024-02-22 15:48:24','FAIL'),(14,'test7','로그인','2024-02-22 15:56:43','SUCESS'),(15,'test7','로그인','2024-02-22 15:56:51','FAIL'),(16,'test7','로그인','2024-02-22 16:13:08','FAIL'),(17,'test7','로그인','2024-02-22 16:13:18','SUCESS'),(18,'test7','로그인','2024-02-22 16:17:08','SUCESS'),(19,'test7',' Host 정보 조회 ','2024-02-22 16:17:22','SUCCESS'),(20,'test7',' Host 정보 조회 ','2024-02-22 16:18:33','SUCCESS'),(21,'test6',' Host 정보 조회 ','2024-02-22 16:18:43','SUCCESS'),(22,'test6',' Host 정보 조회 ','2024-02-22 16:18:56','SUCCESS'),(23,'test6','로그인','2024-02-22 16:19:14','SUCESS'),(24,'test7','로그인','2024-02-22 16:19:33','SUCESS'),(25,'test7',' Host 정보 조회 ','2024-02-22 16:19:44','SUCCESS'),(26,'test7',' Host 등록 Host명:host1ip : 92.168.0.1','2024-02-22 16:22:58','SUCCESS'),(27,'test7',' Host 정보 변경 기존 Host명:host1 변경 Host명 : host2 기존 ip : 92.168.0.1변경 ip : 92.168.0.2','2024-02-22 16:26:40','SUCCESS'),(28,'test7',' Host 정보 삭제 Host명:host2ip : 92.168.0.2','2024-02-22 16:27:11','SUCCESS'),(29,'test6','로그인','2024-02-22 16:32:45','SUCESS'),(30,'test6','Host : 127.0.0.1 현재 상태 조회 / Reachable : true','2024-02-22 16:36:09','SUCCESS'),(31,'test6','Host : 127.0.0.1 현재 상태 조회 / Reachable : true','2024-02-22 16:36:32','SUCCESS'),(32,'test7','로그인','2024-02-22 16:36:38','SUCESS'),(33,'test6','로그인','2024-02-22 16:37:21','SUCESS'),(34,'test6','Host : 127.0.0.1 현재 상태 조회 / Reachable : true','2024-02-22 16:37:34','SUCCESS'),(35,'test7','로그인','2024-02-22 16:37:43','SUCESS'),(36,'test7','Host : 127.0.0.1 현재 상태 조회 / Reachable : true','2024-02-22 16:45:10','SUCCESS'),(37,'test6','로그인','2024-02-22 16:45:17','SUCESS'),(38,'test6','Host : 127.0.0.1 현재 상태 조회 / Reachable : true','2024-02-22 16:45:25','SUCCESS'),(39,'test6',' 전체 Host 현재 상태 조회 ','2024-02-22 17:22:06','SUCCESS'),(40,'test6',' 전체 Host 현재 상태 조회 ','2024-02-22 17:24:04','SUCCESS'),(41,'test6','Host : 192.1.1.1 현재 상태 조회 / Reachable : false','2024-02-22 17:24:50','SUCCESS'),(42,'test6','Host : 192.1.1.1 현재 상태 조회 / Reachable : false','2024-02-22 17:25:06','SUCCESS'),(43,'test6','Host : 192.1.1.1 현재 상태 조회 / Reachable : false','2024-02-22 17:25:25','SUCCESS'),(44,'test6','Host : 192.1.1.1 현재 상태 조회 / Reachable : false','2024-02-22 17:25:27','SUCCESS'),(45,'test6','Host : 192.1.1.1 현재 상태 조회 / Reachable : false','2024-02-22 17:25:29','SUCCESS'),(46,'test6',' 전체 Host 현재 상태 조회 ','2024-02-22 17:27:29','SUCCESS'),(47,'test6',' 전체 Host 현재 상태 조회 ','2024-02-22 17:31:44','SUCCESS'),(48,'test6',' 전체 Host 현재 상태 조회 ','2024-02-22 17:35:36','SUCCESS'),(49,'test6',' 전체 Host 현재 상태 조회 ','2024-02-22 17:38:05','SUCCESS'),(50,'test6',' 전체 Host 현재 상태 조회 ','2024-02-22 17:38:22','SUCCESS'),(51,'test100','회원가입 ID : test100Type : user','2024-02-23 09:00:00','SUCESS'),(55,'test101','회원가입 ID : test101Type : user','2024-02-23 09:04:06','SUCESS'),(56,'test7','로그인','2024-02-23 09:05:47','SUCESS'),(57,'test7',' Host 정보 조회 ','2024-02-23 09:07:53','SUCCESS'),(58,'test6',' Host 정보 조회 ','2024-02-23 09:08:11','SUCCESS'),(65,'test100','로그인','2024-02-23 10:14:12','SUCESS'),(66,'test100','로그인','2024-02-23 10:14:43','FAIL'),(67,'test100','로그인','2024-02-23 10:17:15','SUCESS'),(68,'test100','로그인','2024-02-23 10:17:19','FAIL'),(69,'test100','로그인','2024-02-23 10:18:33','FAIL'),(70,'test100','로그인','2024-02-23 10:19:04','SUCESS'),(71,'test101','로그인','2024-02-23 10:19:22','SUCESS'),(73,'test102','회원가입 ID : test102Type : user','2024-02-23 10:19:43','SUCESS'),(75,'test103','회원가입 ID : test103Type : user','2024-02-23 10:20:15','SUCESS'),(76,'test104','회원가입 ID : test104Type : user','2024-02-23 10:22:25','SUCESS'),(77,'test105','회원가입 ID : test105Type : admin','2024-02-23 10:28:11','SUCESS'),(78,'test106','회원가입 ID : test106Type : admin','2024-02-23 10:28:47','SUCESS'),(79,'test106','로그인','2024-02-23 10:29:07','SUCESS'),(80,'test106',' Host 정보 조회 ','2024-02-23 10:29:19','SUCCESS'),(81,'test101',' Host 정보 조회 ','2024-02-23 10:30:51','SUCCESS'),(82,'test99',' Host 등록 Host명:werip : 12.12.12.12','2024-02-23 11:19:14','SUCCESS'),(83,'test99','이미 입력된 호스트 정보입니다. name : test99ip : 12.12.12.12','2024-02-23 11:19:41','FAIL'),(84,'test99','이미 입력된 호스트 정보입니다. name : test100ip : 127.0.0.1','2024-02-23 11:21:01','FAIL'),(85,'test99',' Host 등록 Host명:test100ip : 127.0.0.1','2024-02-23 11:21:14','SUCCESS'),(86,'test99',' Host 등록 수 제한으로 인한 실패 Host명:test101ip : 127.0.0.12','2024-02-23 11:21:44','FAIL'),(87,'test99','Host : 127.0.0.12 현재 상태 조회 / Reachable : true','2024-02-23 11:46:43','SUCCESS'),(88,'test100','Host : 127.0.0.1 현재 상태 조회 / Reachable : true','2024-02-23 11:47:30','SUCCESS'),(89,'test100',' 전체 Host 현재 상태 조회 ','2024-02-23 11:49:41','SUCCESS'),(90,'test100','Host : 127.0.0.1 현재 상태 조회 / Reachable : true','2024-02-23 11:50:38','SUCCESS'),(91,'test100',' Host 등록 수 제한으로 인한 실패 Host명:test101ip : null','2024-02-23 12:28:42','FAIL'),(92,'test100',' Host 정보 조회 ','2024-02-23 12:34:28','SUCCESS');
/*!40000 ALTER TABLE `monitoring` ENABLE KEYS */;
UNLOCK TABLES;

--
-- Dumping routines for database 'ato_db'
--
/*!40103 SET TIME_ZONE=@OLD_TIME_ZONE */;

/*!40101 SET SQL_MODE=@OLD_SQL_MODE */;
/*!40014 SET FOREIGN_KEY_CHECKS=@OLD_FOREIGN_KEY_CHECKS */;
/*!40014 SET UNIQUE_CHECKS=@OLD_UNIQUE_CHECKS */;
/*!40101 SET CHARACTER_SET_CLIENT=@OLD_CHARACTER_SET_CLIENT */;
/*!40101 SET CHARACTER_SET_RESULTS=@OLD_CHARACTER_SET_RESULTS */;
/*!40101 SET COLLATION_CONNECTION=@OLD_COLLATION_CONNECTION */;
/*!40111 SET SQL_NOTES=@OLD_SQL_NOTES */;

-- Dump completed on 2024-02-23 14:00:55
